"","Date","Name","QC_Flag","QA_Flag","Reservoir_Capacity_ac_ft","Reservoir_Storage_Volume_Previous_Year_ac_ft","Reservoir_Storage_Volume_ac_ft","Median_Reservoir_Storage_Volume_1981_2010_ac_ft","Source"
"1","2022-08-01","Bear Lake",NA,"",1302000,619574,487737,567800,"https://wcc.sc.egov.usda.gov/reportGenerator/"
"2","2022-08-01","Big Sand Wash Reservoir",NA,"",25700,4072,10600,NA,"https://wcc.sc.egov.usda.gov/reportGenerator/"
"3","2022-08-01","Causey Reservoir",NA,"U",7100,3970,5694,5500,"https://wcc.sc.egov.usda.gov/reportGenerator/"
"4","2022-08-01","Cleveland Lake",NA,"",5400,1886,3682,NA,"https://wcc.sc.egov.usda.gov/reportGenerator/"
"5","2022-08-01","Currant Creek Reservoir",NA,"U",15500,14805,14800,15000,"https://wcc.sc.egov.usda.gov/reportGenerator/"
"6","2022-08-01","Deer Creek Reservoir",NA,"U",149700,92277,100084,119200,"https://wcc.sc.egov.usda.gov/reportGenerator/"
"7","2022-08-01","East Canyon Reservoir",NA,"U",49500,26440,32635,39900,"https://wcc.sc.egov.usda.gov/reportGenerator/"
"8","2022-08-01","Echo Reservoir",NA,"U",73900,14156,50718,44000,"https://wcc.sc.egov.usda.gov/reportGenerator/"
"9","2022-08-01","Flaming Gorge Reservoir",NA,"U",3749000,3072850,2779721,3293000,"https://wcc.sc.egov.usda.gov/reportGenerator/"
"11","2022-08-01","Gunlock",NA,"",10400,4500,4682,7100,"https://wcc.sc.egov.usda.gov/reportGenerator/"
"12","2022-08-01","Gunnison Reservoir",NA,"",20300,0,0,6600,"https://wcc.sc.egov.usda.gov/reportGenerator/"
"13","2022-08-01","Huntington Reservoir",NA,"U",4200,1765,2092,2800,"https://wcc.sc.egov.usda.gov/reportGenerator/"
"14","2022-08-01","Hyrum Reservoir",NA,"U",15300,4117,8580,8700,"https://wcc.sc.egov.usda.gov/reportGenerator/"
"15","2022-08-01","Joes Valley Reservoir",NA,"U",61600,28142,37382,51100,"https://wcc.sc.egov.usda.gov/reportGenerator/"
"16","2022-08-01","Jordanelle Reservoir",NA,"U",314000,196867,224544,271400,"https://wcc.sc.egov.usda.gov/reportGenerator/"
"17","2022-08-01","Ken's Lake",NA,"",2300,743,1808,1410,"https://wcc.sc.egov.usda.gov/reportGenerator/"
"18","2022-08-01","Lake Powell",NA,"U",24322000,7866268,6212161,15262000,"https://wcc.sc.egov.usda.gov/reportGenerator/"
"19","2022-08-01","Lost Creek Reservoir",NA,"U",22500,11770,12104,17300,"https://wcc.sc.egov.usda.gov/reportGenerator/"
"20","2022-08-01","Lower Enterprise",NA,"",2600,1390,840,600,"https://wcc.sc.egov.usda.gov/reportGenerator/"
"21","2022-08-01","Miller Flat Reservoir",NA,"",5200,1333,3346,NA,"https://wcc.sc.egov.usda.gov/reportGenerator/"
"23","2022-08-01","Minersville Reservoir",NA,"",23300,4348,2336,5500,"https://wcc.sc.egov.usda.gov/reportGenerator/"
"24","2022-08-01","Moon Lake",NA,"U",35800,5694,18040,22800,"https://wcc.sc.egov.usda.gov/reportGenerator/"
"25","2022-08-01","Otter Creek Reservoir",NA,"",52500,8516,8671,28300,"https://wcc.sc.egov.usda.gov/reportGenerator/"
"27","2022-08-01","Pineview Reservoir",NA,"U",110100,31027,56308,80400,"https://wcc.sc.egov.usda.gov/reportGenerator/"
"28","2022-08-01","Piute Reservoir",NA,"",71800,5429,175,24300,"https://wcc.sc.egov.usda.gov/reportGenerator/"
"29","2022-08-01","Porcupine Reservoir",NA,"",11300,3649,8685,9000,"https://wcc.sc.egov.usda.gov/reportGenerator/"
"30","2022-08-01","Quail Creek Reservoir",NA,"",40000,28167,24333,29800,"https://wcc.sc.egov.usda.gov/reportGenerator/"
"31","2022-08-01","Red Fleet Reservoir",NA,"U",25700,12317,13239,22100,"https://wcc.sc.egov.usda.gov/reportGenerator/"
"32","2022-08-01","Rockport Lake",NA,"U",60900,17648,49957,52700,"https://wcc.sc.egov.usda.gov/reportGenerator/"
"34","2022-08-01","Scofield Reservoir",NA,"U",65800,23273,22612,36100,"https://wcc.sc.egov.usda.gov/reportGenerator/"
"35","2022-08-01","Settlement Canyon Reservoir",NA,"",1000,163,236,500,"https://wcc.sc.egov.usda.gov/reportGenerator/"
"37","2022-08-01","Smith And Morehouse Reservoir",NA,"U",8100,3831,7742,7100,"https://wcc.sc.egov.usda.gov/reportGenerator/"
"38","2022-08-01","Starvation Reservoir",NA,"U",164118,113428,121301,141400,"https://wcc.sc.egov.usda.gov/reportGenerator/"
"39","2022-08-01","Stateline Reservoir",NA,"U",12000,5815,10428,9300,"https://wcc.sc.egov.usda.gov/reportGenerator/"
"40","2022-08-01","Steinaker Reservoir",NA,"U",33400,3173,17858,21600,"https://wcc.sc.egov.usda.gov/reportGenerator/"
"41","2022-08-01","Strawberry Reservoir",NA,"U",1105900,841232,836080,902100,"https://wcc.sc.egov.usda.gov/reportGenerator/"
"42","2022-08-01","Upper Enterprise Reservoir",NA,"",10000,1000,580,2000,"https://wcc.sc.egov.usda.gov/reportGenerator/"
"43","2022-08-01","Utah Lake",NA,"U",870900,471261,387046,700100,"https://wcc.sc.egov.usda.gov/reportGenerator/"
"44","2022-08-01","Willard Bay Reservoir",NA,"U",215000,103135,83920,156000,"https://wcc.sc.egov.usda.gov/reportGenerator/"
"45","2022-08-01","Woodruff Creek",NA,"",4000,798,1125,800,"https://wcc.sc.egov.usda.gov/reportGenerator/"
"46","2022-08-01","Woodruff Narrows Reservoir",NA,"",57300,7394,14612,27900,"https://wcc.sc.egov.usda.gov/reportGenerator/"
"47","2022-09-01","Bear Lake",NA,"",1302000,567153,431242,490100,"https://wcc.sc.egov.usda.gov/reportGenerator/"
"48","2022-09-01","Big Sand Wash Reservoir",NA,"",25700,2790,3264,NA,"https://wcc.sc.egov.usda.gov/reportGenerator/"
"49","2022-09-01","Causey Reservoir",NA,"U",7100,3283,3946,3500,"https://wcc.sc.egov.usda.gov/reportGenerator/"
"50","2022-09-01","Cleveland Lake",NA,"",5400,720,2805,NA,"https://wcc.sc.egov.usda.gov/reportGenerator/"
"51","2022-09-01","Currant Creek Reservoir",NA,"U",15500,14644,14705,14800,"https://wcc.sc.egov.usda.gov/reportGenerator/"
"52","2022-09-01","Deer Creek Reservoir",NA,"U",149700,95656,79065,103800,"https://wcc.sc.egov.usda.gov/reportGenerator/"
"53","2022-09-01","East Canyon Reservoir",NA,"U",49500,22801,28416,34400,"https://wcc.sc.egov.usda.gov/reportGenerator/"
"54","2022-09-01","Echo Reservoir",NA,"U",73900,10711,43348,30500,"https://wcc.sc.egov.usda.gov/reportGenerator/"
"55","2022-09-01","Flaming Gorge Reservoir",NA,"U",3749000,3015777,2735239,3247000,"https://wcc.sc.egov.usda.gov/reportGenerator/"
"56","2022-09-01","Grantsville Reservoir",NA,"",3300,1325,1096,1070,"https://wcc.sc.egov.usda.gov/reportGenerator/"
"57","2022-09-01","Gunlock",NA,"",10400,4500,4682,6500,"https://wcc.sc.egov.usda.gov/reportGenerator/"
"58","2022-09-01","Gunnison Reservoir",NA,"",20300,0,0,2500,"https://wcc.sc.egov.usda.gov/reportGenerator/"
"59","2022-09-01","Huntington North Reservoir",NA,"U",4200,1307,2117,1860,"https://wcc.sc.egov.usda.gov/reportGenerator/"
"60","2022-09-01","Hyrum Reservoir",NA,"U",15300,2930,5371,4100,"https://wcc.sc.egov.usda.gov/reportGenerator/"
"61","2022-09-01","Joes Valley Reservoir",NA,"U",61600,24117,32717,44800,"https://wcc.sc.egov.usda.gov/reportGenerator/"
"62","2022-09-01","Jordanelle Reservoir",NA,"U",314000,175109,209803,256400,"https://wcc.sc.egov.usda.gov/reportGenerator/"
"63","2022-09-01","Ken's Lake",NA,"",2300,773,1891,1030,"https://wcc.sc.egov.usda.gov/reportGenerator/"
"64","2022-09-01","Lake Powell",NA,"U",24322000,7510963,5937930,14686000,"https://wcc.sc.egov.usda.gov/reportGenerator/"
"65","2022-09-01","Lost Creek Reservoir",NA,"U",22500,9782,10104,15100,"https://wcc.sc.egov.usda.gov/reportGenerator/"
"66","2022-09-01","Lower Enterprise",NA,"",2600,1566,648,400,"https://wcc.sc.egov.usda.gov/reportGenerator/"
"67","2022-09-01","Miller Flat Reservoir",NA,"",5200,1333,1338,NA,"https://wcc.sc.egov.usda.gov/reportGenerator/"
"68","2022-09-01","Millsite",NA,"",16700,3535,11222,11100,"https://wcc.sc.egov.usda.gov/reportGenerator/"
"69","2022-09-01","Minersville Reservoir",NA,"",23300,2775,1367,3800,"https://wcc.sc.egov.usda.gov/reportGenerator/"
"70","2022-09-01","Moon Lake Reservoir",NA,"U",35800,12820,15340,10700,"https://wcc.sc.egov.usda.gov/reportGenerator/"
"71","2022-09-01","Otter Creek Reservoir",NA,"",52500,7925,4855,19100,"https://wcc.sc.egov.usda.gov/reportGenerator/"
"72","2022-09-01","Panguitch Lake",NA,"",22300,6000,6200,10900,"https://wcc.sc.egov.usda.gov/reportGenerator/"
"73","2022-09-01","Pineview Reservoir",NA,"U",110100,21545,45487,61700,"https://wcc.sc.egov.usda.gov/reportGenerator/"
"74","2022-09-01","Piute Reservoir",NA,"",71800,2530,567,13000,"https://wcc.sc.egov.usda.gov/reportGenerator/"
"75","2022-09-01","Porcupine Reservoir",NA,"",11300,3285,6715,5900,"https://wcc.sc.egov.usda.gov/reportGenerator/"
"76","2022-09-01","Quail Creek",NA,"",40000,26039,24648,26900,"https://wcc.sc.egov.usda.gov/reportGenerator/"
"77","2022-09-01","Red Fleet Reservoir",NA,"U",25700,9998,9575,19100,"https://wcc.sc.egov.usda.gov/reportGenerator/"
"78","2022-09-01","Rockport Reservoir",NA,"U",60900,16386,42328,44300,"https://wcc.sc.egov.usda.gov/reportGenerator/"
"79","2022-09-01","Sand Hollow Reservoir",NA,"",50000,35637,32229,NA,"https://wcc.sc.egov.usda.gov/reportGenerator/"
"80","2022-09-01","Scofield Reservoir",NA,"U",65800,19023,16977,27200,"https://wcc.sc.egov.usda.gov/reportGenerator/"
"81","2022-09-01","Settlement Canyon Reservoir",NA,"",1000,187,177,300,"https://wcc.sc.egov.usda.gov/reportGenerator/"
"82","2022-09-01","Yuba Reservoir",NA,"",236000,19470,4697,58300,"https://wcc.sc.egov.usda.gov/reportGenerator/"
"83","2022-09-01","Smith And Morehouse Reservoir",NA,"U",8100,5070,6521,5000,"https://wcc.sc.egov.usda.gov/reportGenerator/"
"84","2022-09-01","Starvation Reservoir",NA,"U",164118,102196,106423,126100,"https://wcc.sc.egov.usda.gov/reportGenerator/"
"85","2022-09-01","Stateline Reservoir",NA,"U",12000,5272,7344,6800,"https://wcc.sc.egov.usda.gov/reportGenerator/"
"86","2022-09-01","Steinaker Reservoir",NA,"U",33400,3131,11111,14700,"https://wcc.sc.egov.usda.gov/reportGenerator/"
"87","2022-09-01","Strawberry Reservoir",NA,"U",1105900,822658,813067,877800,"https://wcc.sc.egov.usda.gov/reportGenerator/"
"88","2022-09-01","Upper Enterprise Reservoir",NA,"",10000,634,507,550,"https://wcc.sc.egov.usda.gov/reportGenerator/"
"89","2022-09-01","Utah Lake",NA,"U",870900,463303,361152,624600,"https://wcc.sc.egov.usda.gov/reportGenerator/"
"90","2022-09-01","Willard Bay",NA,"U",215000,87732,72048,146500,"https://wcc.sc.egov.usda.gov/reportGenerator/"
"91","2022-09-01","Woodruff Creek",NA,"",4000,1050,1530,650,"https://wcc.sc.egov.usda.gov/reportGenerator/"
"92","2022-09-01","Woodruff Narrows Reservoir",NA,"",57300,6584,11932,26800,"https://wcc.sc.egov.usda.gov/reportGenerator/"
"93","2022-10-01","Bear Lake",NA,"",1302000,519773,381597,449700,"https://wcc.sc.egov.usda.gov/reportGenerator/"
"94","2022-10-01","Big Sand Wash Reservoir",NA,"",25700,1692,2906,NA,"https://wcc.sc.egov.usda.gov/reportGenerator/"
"95","2022-10-01","Causey Reservoir",NA,"U",7100,2998,2074,2400,"https://wcc.sc.egov.usda.gov/reportGenerator/"
"96","2022-10-01","Cleveland Lake",NA,"",5400,720,2968,NA,"https://wcc.sc.egov.usda.gov/reportGenerator/"
"97","2022-10-01","Currant Creek Reservoir",NA,"U",15500,15252,15133,14700,"https://wcc.sc.egov.usda.gov/reportGenerator/"
"98","2022-10-01","Deer Creek Reservoir",NA,"U",149700,88656,62895,97600,"https://wcc.sc.egov.usda.gov/reportGenerator/"
"99","2022-10-01","East Canyon Reservoir",NA,"U",49500,21516,25067,30600,"https://wcc.sc.egov.usda.gov/reportGenerator/"
"100","2022-10-01","Echo Reservoir",NA,"U",73900,8259,36642,20700,"https://wcc.sc.egov.usda.gov/reportGenerator/"
"101","2022-10-01","Flaming Gorge Reservoir",NA,"U",3749000,2949700,2679648,3201000,"https://wcc.sc.egov.usda.gov/reportGenerator/"
"102","2022-10-01","Grantsville Reservoir",NA,"",3300,1300,679,800,"https://wcc.sc.egov.usda.gov/reportGenerator/"
"103","2022-10-01","Gunlock",NA,"",10400,4322,3809,5900,"https://wcc.sc.egov.usda.gov/reportGenerator/"
"104","2022-10-01","Gunnison Reservoir",NA,"",20300,0,0,750,"https://wcc.sc.egov.usda.gov/reportGenerator/"
"105","2022-10-01","Huntington North Reservoir",NA,"U",4200,1194,1948,1360,"https://wcc.sc.egov.usda.gov/reportGenerator/"
"106","2022-10-01","Hyrum Reservoir",NA,"U",15300,2490,5088,4200,"https://wcc.sc.egov.usda.gov/reportGenerator/"
"107","2022-10-01","Joes Valley Reservoir",NA,"U",61600,21768,29734,40300,"https://wcc.sc.egov.usda.gov/reportGenerator/"
"108","2022-10-01","Jordanelle Reservoir",NA,"U",314000,160443,196572,241400,"https://wcc.sc.egov.usda.gov/reportGenerator/"
"109","2022-10-01","Ken's Lake",NA,"",2300,724,1612,700,"https://wcc.sc.egov.usda.gov/reportGenerator/"
"110","2022-10-01","Lake Powell",NA,"U",24322000,7257712,5797422,14488000,"https://wcc.sc.egov.usda.gov/reportGenerator/"
"111","2022-10-01","Lost Creek Reservoir",NA,"U",22500,8799,8813,13500,"https://wcc.sc.egov.usda.gov/reportGenerator/"
"112","2022-10-01","Lower Enterprise",NA,"",2600,984,350,300,"https://wcc.sc.egov.usda.gov/reportGenerator/"
"113","2022-10-01","Miller Flat Reservoir",NA,"",5200,1332,1248,NA,"https://wcc.sc.egov.usda.gov/reportGenerator/"
"114","2022-10-01","Millsite",NA,"",16700,3277,8376,10200,"https://wcc.sc.egov.usda.gov/reportGenerator/"
"115","2022-10-01","Minersville Reservoir",NA,"",23300,1668,1186,2800,"https://wcc.sc.egov.usda.gov/reportGenerator/"
"116","2022-10-01","Moon Lake Reservoir",NA,"U",35800,9143,15180,10200,"https://wcc.sc.egov.usda.gov/reportGenerator/"
"117","2022-10-01","Otter Creek Reservoir",NA,"",52500,7376,3841,19200,"https://wcc.sc.egov.usda.gov/reportGenerator/"
"118","2022-10-01","Panguitch Lake",NA,"",22300,4500,5953,12900,"https://wcc.sc.egov.usda.gov/reportGenerator/"
"119","2022-10-01","Pineview Reservoir",NA,"U",110100,17011,36362,50800,"https://wcc.sc.egov.usda.gov/reportGenerator/"
"120","2022-10-01","Piute Reservoir",NA,"",71800,2610,1515,12900,"https://wcc.sc.egov.usda.gov/reportGenerator/"
"121","2022-10-01","Porcupine Reservoir",NA,"",11300,2810,5047,4800,"https://wcc.sc.egov.usda.gov/reportGenerator/"
"122","2022-10-01","Quail Creek",NA,"",40000,24073,24512,24900,"https://wcc.sc.egov.usda.gov/reportGenerator/"
"123","2022-10-01","Red Fleet Reservoir",NA,"U",25700,8147,7552,17300,"https://wcc.sc.egov.usda.gov/reportGenerator/"
"124","2022-10-01","Rockport Reservoir",NA,"U",60900,15876,33610,39000,"https://wcc.sc.egov.usda.gov/reportGenerator/"
"125","2022-10-01","Sand Hollow Reservoir",NA,"",50000,34949,29459,NA,"https://wcc.sc.egov.usda.gov/reportGenerator/"
"126","2022-10-01","Scofield Reservoir",NA,"U",65800,13720,11626,22800,"https://wcc.sc.egov.usda.gov/reportGenerator/"
"127","2022-10-01","Settlement Canyon Reservoir",NA,"",1000,149,170,300,"https://wcc.sc.egov.usda.gov/reportGenerator/"
"128","2022-10-01","Yuba Reservoir",NA,"",236000,20764,4508,59700,"https://wcc.sc.egov.usda.gov/reportGenerator/"
"129","2022-10-01","Smith And Morehouse Reservoir",NA,"U",8100,5180,4952,4400,"https://wcc.sc.egov.usda.gov/reportGenerator/"
"130","2022-10-01","Starvation Reservoir",NA,"U",164118,96556,98843,122800,"https://wcc.sc.egov.usda.gov/reportGenerator/"
"131","2022-10-01","Stateline Reservoir",NA,"U",12000,3823,5206,5100,"https://wcc.sc.egov.usda.gov/reportGenerator/"
"132","2022-10-01","Steinaker Reservoir",NA,"U",33400,2525,8947,11400,"https://wcc.sc.egov.usda.gov/reportGenerator/"
"133","2022-10-01","Strawberry Reservoir",NA,"U",1105900,811275,802636,865500,"https://wcc.sc.egov.usda.gov/reportGenerator/"
"134","2022-10-01","Upper Enterprise Reservoir",NA,"",10000,623,558,500,"https://wcc.sc.egov.usda.gov/reportGenerator/"
"135","2022-10-01","Utah Lake",NA,"U",870900,413845,318252,599700,"https://wcc.sc.egov.usda.gov/reportGenerator/"
"136","2022-10-01","Willard Bay",NA,"U",215000,78557,72048,140100,"https://wcc.sc.egov.usda.gov/reportGenerator/"
"137","2022-10-01","Woodruff Creek",NA,"",4000,1260,1728,600,"https://wcc.sc.egov.usda.gov/reportGenerator/"
"138","2022-10-01","Woodruff Narrows Reservoir",NA,"",57300,10275,11780,26600,"https://wcc.sc.egov.usda.gov/reportGenerator/"
"139","2022-11-01","Bear Lake",NA,"",1302000,525676,358502,431000,"https://wcc.sc.egov.usda.gov/reportGenerator/"
"140","2022-11-01","Big Sand Wash Reservoir",NA,"",25700,4967,6430,NA,"https://wcc.sc.egov.usda.gov/reportGenerator/"
"141","2022-11-01","Causey Reservoir",NA,"U",7100,3348,2597,2700,"https://wcc.sc.egov.usda.gov/reportGenerator/"
"142","2022-11-01","Cleveland Lake",NA,"",5400,720,2968,NA,"https://wcc.sc.egov.usda.gov/reportGenerator/"
"143","2022-11-01","Currant Creek Reservoir",NA,"U",15500,15097,14755,14700,"https://wcc.sc.egov.usda.gov/reportGenerator/"
"144","2022-11-01","Deer Creek Reservoir",NA,"U",149700,92241,60835,100500,"https://wcc.sc.egov.usda.gov/reportGenerator/"
"145","2022-11-01","East Canyon Reservoir",NA,"U",49500,22903,25654,31200,"https://wcc.sc.egov.usda.gov/reportGenerator/"
"146","2022-11-01","Echo Reservoir",NA,"U",73900,12536,39345,24400,"https://wcc.sc.egov.usda.gov/reportGenerator/"
"147","2022-11-01","Flaming Gorge Reservoir",NA,"U",3749000,2917576,2629855,3167000,"https://wcc.sc.egov.usda.gov/reportGenerator/"
"148","2022-11-01","Grantsville Reservoir",NA,"",3300,1454,813,800,"https://wcc.sc.egov.usda.gov/reportGenerator/"
"149","2022-11-01","Gunlock",NA,"",10400,4322,3809,6000,"https://wcc.sc.egov.usda.gov/reportGenerator/"
"150","2022-11-01","Gunnison Reservoir",NA,"",20300,0,0,900,"https://wcc.sc.egov.usda.gov/reportGenerator/"
"151","2022-11-01","Huntington North Reservoir",NA,"U",4200,1569,2172,1090,"https://wcc.sc.egov.usda.gov/reportGenerator/"
"152","2022-11-01","Hyrum Reservoir",NA,"U",15300,4541,6980,6700,"https://wcc.sc.egov.usda.gov/reportGenerator/"
"153","2022-11-01","Joes Valley Reservoir",NA,"U",61600,21228,29525,39300,"https://wcc.sc.egov.usda.gov/reportGenerator/"
"154","2022-11-01","Jordanelle Reservoir",NA,"U",314000,159545,190335,235100,"https://wcc.sc.egov.usda.gov/reportGenerator/"
"155","2022-11-01","Ken's Lake",NA,"",2300,773,1583,640,"https://wcc.sc.egov.usda.gov/reportGenerator/"
"156","2022-11-01","Lake Powell",NA,"U",24322000,7180773,5832351,14400000,"https://wcc.sc.egov.usda.gov/reportGenerator/"
"157","2022-11-01","Lost Creek Reservoir",NA,"U",22500,9033,8821,13000,"https://wcc.sc.egov.usda.gov/reportGenerator/"
"158","2022-11-01","Lower Enterprise",NA,"",2600,1056,360,300,"https://wcc.sc.egov.usda.gov/reportGenerator/"
"159","2022-11-01","Miller Flat Reservoir",NA,"",5200,1359,1139,NA,"https://wcc.sc.egov.usda.gov/reportGenerator/"
"160","2022-11-01","Millsite",NA,"",16700,3678,7521,9000,"https://wcc.sc.egov.usda.gov/reportGenerator/"
"161","2022-11-01","Minersville Reservoir",NA,"",23300,1600,1115,3700,"https://wcc.sc.egov.usda.gov/reportGenerator/"
"162","2022-11-01","Moon Lake Reservoir",NA,"U",35800,14470,18602,13500,"https://wcc.sc.egov.usda.gov/reportGenerator/"
"163","2022-11-01","Otter Creek Reservoir",NA,"",52500,9658,5608,18300,"https://wcc.sc.egov.usda.gov/reportGenerator/"
"164","2022-11-01","Panguitch Lake",NA,"",22300,4500,5956,10700,"https://wcc.sc.egov.usda.gov/reportGenerator/"
"165","2022-11-01","Pineview Reservoir",NA,"U",110100,19434,34330,53300,"https://wcc.sc.egov.usda.gov/reportGenerator/"
"166","2022-11-01","Piute Reservoir",NA,"",71800,4221,2304,16200,"https://wcc.sc.egov.usda.gov/reportGenerator/"
"167","2022-11-01","Porcupine Reservoir",NA,"",11300,3346,5461,5100,"https://wcc.sc.egov.usda.gov/reportGenerator/"
"168","2022-11-01","Quail Creek",NA,"",40000,23390,24404,24200,"https://wcc.sc.egov.usda.gov/reportGenerator/"
"169","2022-11-01","Red Fleet Reservoir",NA,"U",25700,8602,7957,17300,"https://wcc.sc.egov.usda.gov/reportGenerator/"
"170","2022-11-01","Rockport Reservoir",NA,"U",60900,19352,35116,35000,"https://wcc.sc.egov.usda.gov/reportGenerator/"
"171","2022-11-01","Sand Hollow Reservoir",NA,"",50000,35726,29847,NA,"https://wcc.sc.egov.usda.gov/reportGenerator/"
"172","2022-11-01","Scofield Reservoir",NA,"U",65800,13334,9842,20200,"https://wcc.sc.egov.usda.gov/reportGenerator/"
"173","2022-11-01","Settlement Canyon Reservoir",NA,"",1000,226,211,400,"https://wcc.sc.egov.usda.gov/reportGenerator/"
"174","2022-11-01","Yuba Reservoir",NA,"",236000,25002,6578,72100,"https://wcc.sc.egov.usda.gov/reportGenerator/"
"175","2022-11-01","Smith And Morehouse Reservoir",NA,"U",8100,5989,4018,4200,"https://wcc.sc.egov.usda.gov/reportGenerator/"
"176","2022-11-01","Starvation Reservoir",NA,"U",164118,105273,105040,127700,"https://wcc.sc.egov.usda.gov/reportGenerator/"
"177","2022-11-01","Stateline Reservoir",NA,"U",12000,4201,4825,5200,"https://wcc.sc.egov.usda.gov/reportGenerator/"
"178","2022-11-01","Steinaker Reservoir",NA,"U",33400,4255,9930,12000,"https://wcc.sc.egov.usda.gov/reportGenerator/"
"179","2022-11-01","Strawberry Reservoir",NA,"U",1105900,809186,798333,843700,"https://wcc.sc.egov.usda.gov/reportGenerator/"
"180","2022-11-01","Upper Enterprise Reservoir",NA,"",10000,616,514,950,"https://wcc.sc.egov.usda.gov/reportGenerator/"
"181","2022-11-01","Utah Lake",NA,"U",870900,441975,326415,598800,"https://wcc.sc.egov.usda.gov/reportGenerator/"
"182","2022-11-01","Willard Bay",NA,"U",215000,80700,69241,134300,"https://wcc.sc.egov.usda.gov/reportGenerator/"
"183","2022-11-01","Woodruff Creek",NA,"",4000,1440,1727,1050,"https://wcc.sc.egov.usda.gov/reportGenerator/"
"184","2022-11-01","Woodruff Narrows Reservoir",NA,"",57300,10578,10942,27600,"https://wcc.sc.egov.usda.gov/reportGenerator/"
"185","2022-12-01","Bear Lake",NA,"",1302000,526988,359143,445800,"https://wcc.sc.egov.usda.gov/reportGenerator/"
"186","2022-12-01","Big Sand Wash Reservoir",NA,"",25700,8190,11994,NA,"https://wcc.sc.egov.usda.gov/reportGenerator/"
"187","2022-12-01","Causey Reservoir",NA,"U",7100,3735,3148,3200,"https://wcc.sc.egov.usda.gov/reportGenerator/"
"188","2022-12-01","Cleveland Lake",NA,"",5400,378,3201,NA,"https://wcc.sc.egov.usda.gov/reportGenerator/"
"189","2022-12-01","Currant Creek Reservoir",NA,"U",15500,15012,14625,14800,"https://wcc.sc.egov.usda.gov/reportGenerator/"
"190","2022-12-01","Deer Creek Reservoir",NA,"U",149700,99255,66717,104900,"https://wcc.sc.egov.usda.gov/reportGenerator/"
"191","2022-12-01","East Canyon Reservoir",NA,"U",49500,24154,26759,32700,"https://wcc.sc.egov.usda.gov/reportGenerator/"
"192","2022-12-01","Echo Reservoir",NA,"U",73900,16454,42492,32200,"https://wcc.sc.egov.usda.gov/reportGenerator/"
"193","2022-12-01","Flaming Gorge Reservoir",NA,"U",3749000,2912710,2590065,3159000,"https://wcc.sc.egov.usda.gov/reportGenerator/"
"194","2022-12-01","Grantsville Reservoir",NA,"",3300,1564,968,1000,"https://wcc.sc.egov.usda.gov/reportGenerator/"
"195","2022-12-01","Gunlock",NA,"",10400,4322,3809,5600,"https://wcc.sc.egov.usda.gov/reportGenerator/"
"196","2022-12-01","Gunnison Reservoir",NA,"",20300,0,0,1050,"https://wcc.sc.egov.usda.gov/reportGenerator/"
"197","2022-12-01","Huntington North Reservoir",NA,"U",4200,1730,2650,1710,"https://wcc.sc.egov.usda.gov/reportGenerator/"
"198","2022-12-01","Hyrum Reservoir",NA,"U",15300,6480,9071,9200,"https://wcc.sc.egov.usda.gov/reportGenerator/"
"199","2022-12-01","Joes Valley Reservoir",NA,"U",61600,21488,29952,39300,"https://wcc.sc.egov.usda.gov/reportGenerator/"
"200","2022-12-01","Jordanelle Reservoir",NA,"U",314000,160184,188225,232600,"https://wcc.sc.egov.usda.gov/reportGenerator/"
"201","2022-12-01","Ken's Lake",NA,"",2300,854,1612,730,"https://wcc.sc.egov.usda.gov/reportGenerator/"
"202","2022-12-01","Lake Powell",NA,"U",24322000,7015587,5720325,14221000,"https://wcc.sc.egov.usda.gov/reportGenerator/"
"203","2022-12-01","Lost Creek Reservoir",NA,"U",22500,9201,8990,13000,"https://wcc.sc.egov.usda.gov/reportGenerator/"
"204","2022-12-01","Lower Enterprise",NA,"",2600,895,220,400,"https://wcc.sc.egov.usda.gov/reportGenerator/"
"205","2022-12-01","Miller Flat Reservoir",NA,"",5200,1419,1192,NA,"https://wcc.sc.egov.usda.gov/reportGenerator/"
"206","2022-12-01","Millsite",NA,"",16700,3789,7397,8500,"https://wcc.sc.egov.usda.gov/reportGenerator/"
"207","2022-12-01","Minersville Reservoir",NA,"",23300,2607,2518,5700,"https://wcc.sc.egov.usda.gov/reportGenerator/"
"208","2022-12-01","Moon Lake Reservoir",NA,"U",35800,18690,20999,16100,"https://wcc.sc.egov.usda.gov/reportGenerator/"
"209","2022-12-01","Otter Creek Reservoir",NA,"",52500,12551,8994,21200,"https://wcc.sc.egov.usda.gov/reportGenerator/"
"210","2022-12-01","Panguitch Lake",NA,"",22300,4500,5957,9700,"https://wcc.sc.egov.usda.gov/reportGenerator/"
"211","2022-12-01","Pineview Reservoir",NA,"U",110100,21305,36847,52500,"https://wcc.sc.egov.usda.gov/reportGenerator/"
"212","2022-12-01","Piute Reservoir",NA,"",71800,9560,11245,22200,"https://wcc.sc.egov.usda.gov/reportGenerator/"
"213","2022-12-01","Porcupine Reservoir",NA,"",11300,3857,5964,6000,"https://wcc.sc.egov.usda.gov/reportGenerator/"
"214","2022-12-01","Quail Creek",NA,"",40000,24034,25438,25200,"https://wcc.sc.egov.usda.gov/reportGenerator/"
"215","2022-12-01","Red Fleet Reservoir",NA,"U",25700,9355,8465,17800,"https://wcc.sc.egov.usda.gov/reportGenerator/"
"216","2022-12-01","Rockport Reservoir",NA,"U",60900,21647,37722,34700,"https://wcc.sc.egov.usda.gov/reportGenerator/"
"217","2022-12-01","Sand Hollow Reservoir",NA,"",50000,36511,32483,NA,"https://wcc.sc.egov.usda.gov/reportGenerator/"
"218","2022-12-01","Scofield Reservoir",NA,"U",65800,14405,10860,21900,"https://wcc.sc.egov.usda.gov/reportGenerator/"
"219","2022-12-01","Settlement Canyon Reservoir",NA,"",1000,268,276,490,"https://wcc.sc.egov.usda.gov/reportGenerator/"
"220","2022-12-01","Yuba Reservoir",NA,"",236000,31789,12297,89300,"https://wcc.sc.egov.usda.gov/reportGenerator/"
"221","2022-12-01","Smith And Morehouse Reservoir",NA,"U",8100,6755,4054,4300,"https://wcc.sc.egov.usda.gov/reportGenerator/"
"222","2022-12-01","Starvation Reservoir",NA,"U",164118,114837,113403,130500,"https://wcc.sc.egov.usda.gov/reportGenerator/"
"223","2022-12-01","Stateline Reservoir",NA,"U",12000,4684,5106,5400,"https://wcc.sc.egov.usda.gov/reportGenerator/"
"224","2022-12-01","Steinaker Reservoir",NA,"U",33400,6238,11918,14200,"https://wcc.sc.egov.usda.gov/reportGenerator/"
"225","2022-12-01","Strawberry Reservoir",NA,"U",1105900,809186,795372,841100,"https://wcc.sc.egov.usda.gov/reportGenerator/"
"226","2022-12-01","Upper Enterprise Reservoir",NA,"",10000,609,587,1120,"https://wcc.sc.egov.usda.gov/reportGenerator/"
"227","2022-12-01","Utah Lake",NA,"U",870900,457812,360515,628300,"https://wcc.sc.egov.usda.gov/reportGenerator/"
"228","2022-12-01","Willard Bay",NA,"U",215000,79239,68854,133000,"https://wcc.sc.egov.usda.gov/reportGenerator/"
"229","2022-12-01","Woodruff Creek",NA,"",4000,1560,1916,1250,"https://wcc.sc.egov.usda.gov/reportGenerator/"
"230","2022-12-01","Woodruff Narrows Reservoir",NA,"",57300,10527,11729,30300,"https://wcc.sc.egov.usda.gov/reportGenerator/"
"231","2023-01-01","Bear Lake",NA,"",1302000,536839,371966,456500,"https://wcc.sc.egov.usda.gov/reportGenerator/"
"232","2023-01-01","Big Sand Wash Reservoir",NA,"",25700,13100,16541,NA,"https://wcc.sc.egov.usda.gov/reportGenerator/"
"233","2023-01-01","Causey Reservoir",NA,"U",7100,4019,3636,3600,"https://wcc.sc.egov.usda.gov/reportGenerator/"
"234","2023-01-01","Cleveland Lake",NA,"",5400,20,3239,NA,"https://wcc.sc.egov.usda.gov/reportGenerator/"
"235","2023-01-01","Currant Creek Reservoir",NA,"U",15500,14948,14833,14900,"https://wcc.sc.egov.usda.gov/reportGenerator/"
"236","2023-01-01","Deer Creek Reservoir",NA,"U",149700,107681,74759,112000,"https://wcc.sc.egov.usda.gov/reportGenerator/"
"237","2023-01-01","East Canyon Reservoir",NA,"U",49500,25261,27758,34200,"https://wcc.sc.egov.usda.gov/reportGenerator/"
"238","2023-01-01","Echo Reservoir",NA,"U",73900,20096,45897,37600,"https://wcc.sc.egov.usda.gov/reportGenerator/"
"239","2023-01-01","Flaming Gorge Reservoir",NA,"U",3749000,2899875,2540108,3127000,"https://wcc.sc.egov.usda.gov/reportGenerator/"
"240","2023-01-01","Grantsville Reservoir",NA,"",3300,1768,1112,1250,"https://wcc.sc.egov.usda.gov/reportGenerator/"
"241","2023-01-01","Gunlock",NA,"",10400,4500,3645,6200,"https://wcc.sc.egov.usda.gov/reportGenerator/"
"242","2023-01-01","Gunnison Reservoir",NA,"",20300,0,620,1840,"https://wcc.sc.egov.usda.gov/reportGenerator/"
"243","2023-01-01","Huntington North Reservoir",NA,"U",4200,2113,3335,2300,"https://wcc.sc.egov.usda.gov/reportGenerator/"
"244","2023-01-01","Hyrum Reservoir",NA,"U",15300,8634,9724,9900,"https://wcc.sc.egov.usda.gov/reportGenerator/"
"245","2023-01-01","Joes Valley Reservoir",NA,"U",61600,21169,29821,39800,"https://wcc.sc.egov.usda.gov/reportGenerator/"
"246","2023-01-01","Jordanelle Reservoir",NA,"U",314000,158810,186437,229800,"https://wcc.sc.egov.usda.gov/reportGenerator/"
"247","2023-01-01","Ken's Lake",NA,"",2300,927,1675,920,"https://wcc.sc.egov.usda.gov/reportGenerator/"
"248","2023-01-01","Lake Powell",NA,"U",24322000,6713123,5530546,13921000,"https://wcc.sc.egov.usda.gov/reportGenerator/"
"249","2023-01-01","Lost Creek Reservoir",NA,"U",22500,9424,9214,13200,"https://wcc.sc.egov.usda.gov/reportGenerator/"
"250","2023-01-01","Lower Enterprise",NA,"",2600,840,565,500,"https://wcc.sc.egov.usda.gov/reportGenerator/"
"251","2023-01-01","Miller Flat Reservoir",NA,"",5200,1503,1244,NA,"https://wcc.sc.egov.usda.gov/reportGenerator/"
"252","2023-01-01","Millsite",NA,"",16700,3821,7687,10200,"https://wcc.sc.egov.usda.gov/reportGenerator/"
"253","2023-01-01","Minersville Reservoir",NA,"",23300,4052,4286,6800,"https://wcc.sc.egov.usda.gov/reportGenerator/"
"254","2023-01-01","Moon Lake Reservoir",NA,"U",35800,21510,23203,18400,"https://wcc.sc.egov.usda.gov/reportGenerator/"
"255","2023-01-01","Otter Creek Reservoir",NA,"",52500,16706,12883,25700,"https://wcc.sc.egov.usda.gov/reportGenerator/"
"256","2023-01-01","Panguitch Lake",NA,"",22300,4500,8026,10100,"https://wcc.sc.egov.usda.gov/reportGenerator/"
"257","2023-01-01","Pineview Reservoir",NA,"U",110100,23402,39661,53000,"https://wcc.sc.egov.usda.gov/reportGenerator/"
"258","2023-01-01","Piute Reservoir",NA,"",71800,16716,20430,36400,"https://wcc.sc.egov.usda.gov/reportGenerator/"
"259","2023-01-01","Porcupine Reservoir",NA,"",11300,4398,6666,6500,"https://wcc.sc.egov.usda.gov/reportGenerator/"
"260","2023-01-01","Quail Creek",NA,"",40000,24090,26493,27100,"https://wcc.sc.egov.usda.gov/reportGenerator/"
"261","2023-01-01","Red Fleet Reservoir",NA,"U",25700,9939,9059,18100,"https://wcc.sc.egov.usda.gov/reportGenerator/"
"262","2023-01-01","Rockport Reservoir",NA,"U",60900,24370,40139,34700,"https://wcc.sc.egov.usda.gov/reportGenerator/"
"263","2023-01-01","Sand Hollow Reservoir",NA,"",50000,37723,35513,NA,"https://wcc.sc.egov.usda.gov/reportGenerator/"
"264","2023-01-01","Scofield Reservoir",NA,"U",65800,16326,12606,23200,"https://wcc.sc.egov.usda.gov/reportGenerator/"
"265","2023-01-01","Settlement Canyon Reservoir",NA,"",1000,309,327,600,"https://wcc.sc.egov.usda.gov/reportGenerator/"
"266","2023-01-01","Yuba Reservoir",NA,"",236000,41774,20255,93900,"https://wcc.sc.egov.usda.gov/reportGenerator/"
"267","2023-01-01","Smith And Morehouse Reservoir",NA,"U",8100,6861,4183,4400,"https://wcc.sc.egov.usda.gov/reportGenerator/"
"268","2023-01-01","Starvation Reservoir",NA,"U",164118,123705,121068,133300,"https://wcc.sc.egov.usda.gov/reportGenerator/"
"269","2023-01-01","Stateline Reservoir",NA,"U",12000,5116,5591,5700,"https://wcc.sc.egov.usda.gov/reportGenerator/"
"270","2023-01-01","Steinaker Reservoir",NA,"U",33400,7901,13635,16400,"https://wcc.sc.egov.usda.gov/reportGenerator/"
"271","2023-01-01","Strawberry Reservoir",NA,"U",1105900,812171,805623,840000,"https://wcc.sc.egov.usda.gov/reportGenerator/"
"272","2023-01-01","Upper Enterprise Reservoir",NA,"",10000,1249,660,1750,"https://wcc.sc.egov.usda.gov/reportGenerator/"
"273","2023-01-01","Utah Lake",NA,"U",870900,467103,384766,663500,"https://wcc.sc.egov.usda.gov/reportGenerator/"
"274","2023-01-01","Willard Bay",NA,"U",215000,81383,71661,126100,"https://wcc.sc.egov.usda.gov/reportGenerator/"
"275","2023-01-01","Woodruff Creek",NA,"",4000,1745,2000,1960,"https://wcc.sc.egov.usda.gov/reportGenerator/"
"276","2023-01-01","Woodruff Narrows Reservoir",NA,"",57300,12042,13467,33400,"https://wcc.sc.egov.usda.gov/reportGenerator/"
"277","2023-02-01","Bear Lake",NA,"",1302000,546047,396392,467900,"https://wcc.sc.egov.usda.gov/reportGenerator/"
"278","2023-02-01","Big Sand Wash Reservoir",NA,"",25700,17769,20734,NA,"https://wcc.sc.egov.usda.gov/reportGenerator/"
"279","2023-02-01","Causey Reservoir",NA,"U",7100,4299,4082,4100,"https://wcc.sc.egov.usda.gov/reportGenerator/"
"280","2023-02-01","Cleveland Lake",NA,"",5400,111,3278,NA,"https://wcc.sc.egov.usda.gov/reportGenerator/"
"281","2023-02-01","Currant Creek Reservoir",NA,"U",15500,14836,14766,14800,"https://wcc.sc.egov.usda.gov/reportGenerator/"
"282","2023-02-01","Deer Creek Reservoir",NA,"U",149700,115068,84321,118500,"https://wcc.sc.egov.usda.gov/reportGenerator/"
"283","2023-02-01","East Canyon Reservoir",NA,"U",49500,26627,29474,35800,"https://wcc.sc.egov.usda.gov/reportGenerator/"
"284","2023-02-01","Echo Reservoir",NA,"U",73900,23517,46575,43100,"https://wcc.sc.egov.usda.gov/reportGenerator/"
"285","2023-02-01","Flaming Gorge Reservoir",NA,"U",3749000,2900914,2496929,3111000,"https://wcc.sc.egov.usda.gov/reportGenerator/"
"286","2023-02-01","Grantsville Reservoir",NA,"",3300,1825,1300,1620,"https://wcc.sc.egov.usda.gov/reportGenerator/"
"287","2023-02-01","Gunlock",NA,"",10400,4682,5200,7300,"https://wcc.sc.egov.usda.gov/reportGenerator/"
"288","2023-02-01","Gunnison Reservoir",NA,"",20300,0,940,4400,"https://wcc.sc.egov.usda.gov/reportGenerator/"
"289","2023-02-01","Huntington North Reservoir",NA,"U",4200,2486,3912,3100,"https://wcc.sc.egov.usda.gov/reportGenerator/"
"290","2023-02-01","Hyrum Reservoir",NA,"U",15300,10685,9596,10200,"https://wcc.sc.egov.usda.gov/reportGenerator/"
"291","2023-02-01","Joes Valley Reservoir",NA,"U",61600,21464,30053,40500,"https://wcc.sc.egov.usda.gov/reportGenerator/"
"292","2023-02-01","Jordanelle Reservoir",NA,"U",314000,156675,186107,227100,"https://wcc.sc.egov.usda.gov/reportGenerator/"
"293","2023-02-01","Ken's Lake",NA,"",2300,971,1742,1120,"https://wcc.sc.egov.usda.gov/reportGenerator/"
"294","2023-02-01","Lake Powell",NA,"U",24322000,6335175,5456139,13471000,"https://wcc.sc.egov.usda.gov/reportGenerator/"
"295","2023-02-01","Lost Creek Reservoir",NA,"U",22500,9687,9549,13400,"https://wcc.sc.egov.usda.gov/reportGenerator/"
"296","2023-02-01","Lower Enterprise",NA,"",2600,1249,1197,600,"https://wcc.sc.egov.usda.gov/reportGenerator/"
"297","2023-02-01","Miller Flat Reservoir",NA,"",5200,1555,1316,NA,"https://wcc.sc.egov.usda.gov/reportGenerator/"
"298","2023-02-01","Millsite",NA,"",16700,3679,7990,10000,"https://wcc.sc.egov.usda.gov/reportGenerator/"
"299","2023-02-01","Minersville Reservoir",NA,"",23300,5363,5859,9100,"https://wcc.sc.egov.usda.gov/reportGenerator/"
"300","2023-02-01","Moon Lake Reservoir",NA,"U",35800,23750,25473,20300,"https://wcc.sc.egov.usda.gov/reportGenerator/"
"301","2023-02-01","Otter Creek Reservoir",NA,"",52500,20045,16223,30100,"https://wcc.sc.egov.usda.gov/reportGenerator/"
"302","2023-02-01","Panguitch Lake",NA,"",22300,4500,8071,9700,"https://wcc.sc.egov.usda.gov/reportGenerator/"
"303","2023-02-01","Pineview Reservoir",NA,"U",110100,26147,46215,54200,"https://wcc.sc.egov.usda.gov/reportGenerator/"
"304","2023-02-01","Piute Reservoir",NA,"",71800,17881,21227,39600,"https://wcc.sc.egov.usda.gov/reportGenerator/"
"305","2023-02-01","Porcupine Reservoir",NA,"",11300,4920,7339,7200,"https://wcc.sc.egov.usda.gov/reportGenerator/"
"306","2023-02-01","Quail Creek",NA,"",40000,24587,28227,30000,"https://wcc.sc.egov.usda.gov/reportGenerator/"
"307","2023-02-01","Red Fleet Reservoir",NA,"U",25700,10627,9668,18600,"https://wcc.sc.egov.usda.gov/reportGenerator/"
"308","2023-02-01","Rockport Reservoir",NA,"U",60900,29164,43341,35900,"https://wcc.sc.egov.usda.gov/reportGenerator/"
"309","2023-02-01","Sand Hollow Reservoir",NA,"",50000,39030,38715,NA,"https://wcc.sc.egov.usda.gov/reportGenerator/"
"310","2023-02-01","Scofield Reservoir",NA,"U",65800,17770,14423,24700,"https://wcc.sc.egov.usda.gov/reportGenerator/"
"311","2023-02-01","Settlement Canyon Reservoir",NA,"",1000,335,353,680,"https://wcc.sc.egov.usda.gov/reportGenerator/"
"312","2023-02-01","Yuba Reservoir",NA,"",236000,55370,32574,108000,"https://wcc.sc.egov.usda.gov/reportGenerator/"
"313","2023-02-01","Smith And Morehouse Reservoir",NA,"U",8100,4605,4393,4300,"https://wcc.sc.egov.usda.gov/reportGenerator/"
"314","2023-02-01","Starvation Reservoir",NA,"U",164118,132095,129900,139800,"https://wcc.sc.egov.usda.gov/reportGenerator/"
"315","2023-02-01","Stateline Reservoir",NA,"U",12000,5470,6052,5700,"https://wcc.sc.egov.usda.gov/reportGenerator/"
"316","2023-02-01","Steinaker Reservoir",NA,"U",33400,9334,15350,18900,"https://wcc.sc.egov.usda.gov/reportGenerator/"
"317","2023-02-01","Strawberry Reservoir",NA,"U",1105900,829583,813067,841700,"https://wcc.sc.egov.usda.gov/reportGenerator/"
"318","2023-02-01","Upper Enterprise Reservoir",NA,"",10000,1503,3523,2400,"https://wcc.sc.egov.usda.gov/reportGenerator/"
"319","2023-02-01","Utah Lake",NA,"U",870900,485333,451392,693600,"https://wcc.sc.egov.usda.gov/reportGenerator/"
"320","2023-02-01","Willard Bay",NA,"U",215000,86754,86559,130700,"https://wcc.sc.egov.usda.gov/reportGenerator/"
"321","2023-02-01","Woodruff Creek",NA,"",4000,1750,2200,2200,"https://wcc.sc.egov.usda.gov/reportGenerator/"
"322","2023-02-01","Woodruff Narrows Reservoir",NA,"",57300,12770,13467,36000,"https://wcc.sc.egov.usda.gov/reportGenerator/"
"323","2023-03-01","Bear Lake",NA,"",1302000,554611,414440,482900,"https://wcc.sc.egov.usda.gov/reportGenerator/"
"324","2023-03-01","Big Sand Wash Reservoir",NA,"",25700,21380,24427,NA,"https://wcc.sc.egov.usda.gov/reportGenerator/"
"325","2023-03-01","Causey Reservoir",NA,"U",7100,4540,4402,4300,"https://wcc.sc.egov.usda.gov/reportGenerator/"
"326","2023-03-01","Cleveland Lake",NA,"",5400,120,3305,NA,"https://wcc.sc.egov.usda.gov/reportGenerator/"
"327","2023-03-01","Currant Creek Reservoir",NA,"U",15500,14842,14741,14900,"https://wcc.sc.egov.usda.gov/reportGenerator/"
"328","2023-03-01","Deer Creek Reservoir",NA,"U",149700,120357,90412,121900,"https://wcc.sc.egov.usda.gov/reportGenerator/"
"329","2023-03-01","East Canyon Reservoir",NA,"U",49500,27888,30662,35200,"https://wcc.sc.egov.usda.gov/reportGenerator/"
"330","2023-03-01","Echo Reservoir",NA,"U",73900,26432,50496,43500,"https://wcc.sc.egov.usda.gov/reportGenerator/"
"331","2023-03-01","Flaming Gorge Reservoir",NA,"U",3749000,2905073,2457255,3107000,"https://wcc.sc.egov.usda.gov/reportGenerator/"
"332","2023-03-01","Grantsville Reservoir",NA,"",3300,1940,1454,1910,"https://wcc.sc.egov.usda.gov/reportGenerator/"
"333","2023-03-01","Gunlock",NA,"",10400,4867,6794,7200,"https://wcc.sc.egov.usda.gov/reportGenerator/"
"334","2023-03-01","Gunnison Reservoir",NA,"",20300,0,1100,8200,"https://wcc.sc.egov.usda.gov/reportGenerator/"
"335","2023-03-01","Huntington North Reservoir",NA,"U",4200,2939,3886,3700,"https://wcc.sc.egov.usda.gov/reportGenerator/"
"336","2023-03-01","Hyrum Reservoir",NA,"U",15300,12127,9644,11000,"https://wcc.sc.egov.usda.gov/reportGenerator/"
"337","2023-03-01","Joes Valley Reservoir",NA,"U",61600,21852,30134,40300,"https://wcc.sc.egov.usda.gov/reportGenerator/"
"338","2023-03-01","Jordanelle Reservoir",NA,"U",314000,153469,185120,224800,"https://wcc.sc.egov.usda.gov/reportGenerator/"
"339","2023-03-01","Ken's Lake",NA,"",2300,1005,1792,1220,"https://wcc.sc.egov.usda.gov/reportGenerator/"
"340","2023-03-01","Lake Powell",NA,"U",24322000,6048301,5319754,13114000,"https://wcc.sc.egov.usda.gov/reportGenerator/"
"341","2023-03-01","Lost Creek Reservoir",NA,"U",22500,9903,9823,13800,"https://wcc.sc.egov.usda.gov/reportGenerator/"
"342","2023-03-01","Lower Enterprise",NA,"",2600,1328,1404,800,"https://wcc.sc.egov.usda.gov/reportGenerator/"
"343","2023-03-01","Miller Flat Reservoir",NA,"",5200,1603,1369,NA,"https://wcc.sc.egov.usda.gov/reportGenerator/"
"344","2023-03-01","Millsite",NA,"",16700,3341,8434,9400,"https://wcc.sc.egov.usda.gov/reportGenerator/"
"345","2023-03-01","Minersville Reservoir",NA,"",23300,6411,7078,10700,"https://wcc.sc.egov.usda.gov/reportGenerator/"
"346","2023-03-01","Moon Lake Reservoir",NA,"U",35800,25280,27022,21900,"https://wcc.sc.egov.usda.gov/reportGenerator/"
"347","2023-03-01","Otter Creek Reservoir",NA,"",52500,23310,19283,32800,"https://wcc.sc.egov.usda.gov/reportGenerator/"
"348","2023-03-01","Panguitch Lake",NA,"",22300,4500,8071,10800,"https://wcc.sc.egov.usda.gov/reportGenerator/"
"349","2023-03-01","Pineview Reservoir",NA,"U",110100,28835,45252,55300,"https://wcc.sc.egov.usda.gov/reportGenerator/"
"350","2023-03-01","Piute Reservoir",NA,"",71800,18034,20173,50200,"https://wcc.sc.egov.usda.gov/reportGenerator/"
"351","2023-03-01","Porcupine Reservoir",NA,"",11300,5390,7992,7800,"https://wcc.sc.egov.usda.gov/reportGenerator/"
"352","2023-03-01","Quail Creek",NA,"",40000,28044,25372,31200,"https://wcc.sc.egov.usda.gov/reportGenerator/"
"353","2023-03-01","Red Fleet Reservoir",NA,"U",25700,11000,10094,19200,"https://wcc.sc.egov.usda.gov/reportGenerator/"
"354","2023-03-01","Rockport Reservoir",NA,"U",60900,31918,37754,37400,"https://wcc.sc.egov.usda.gov/reportGenerator/"
"355","2023-03-01","Sand Hollow Reservoir",NA,"",50000,41441,42287,NA,"https://wcc.sc.egov.usda.gov/reportGenerator/"
"356","2023-03-01","Scofield Reservoir",NA,"U",65800,19023,15850,26700,"https://wcc.sc.egov.usda.gov/reportGenerator/"
"357","2023-03-01","Settlement Canyon Reservoir",NA,"",1000,349,376,660,"https://wcc.sc.egov.usda.gov/reportGenerator/"
"358","2023-03-01","Yuba Reservoir",NA,"",236000,69348,48231,124600,"https://wcc.sc.egov.usda.gov/reportGenerator/"
"359","2023-03-01","Smith And Morehouse Reservoir",NA,"U",8100,4663,4422,4300,"https://wcc.sc.egov.usda.gov/reportGenerator/"
"360","2023-03-01","Starvation Reservoir",NA,"U",164118,139742,136841,143300,"https://wcc.sc.egov.usda.gov/reportGenerator/"
"361","2023-03-01","Stateline Reservoir",NA,"U",12000,5673,6364,5700,"https://wcc.sc.egov.usda.gov/reportGenerator/"
"362","2023-03-01","Steinaker Reservoir",NA,"U",33400,10502,16671,20900,"https://wcc.sc.egov.usda.gov/reportGenerator/"
"363","2023-03-01","Strawberry Reservoir",NA,"U",1105900,833358,813516,844400,"https://wcc.sc.egov.usda.gov/reportGenerator/"
"364","2023-03-01","Upper Enterprise Reservoir",NA,"",10000,1532,3937,3400,"https://wcc.sc.egov.usda.gov/reportGenerator/"
"365","2023-03-01","Utah Lake",NA,"U",870900,522826,497643,732200,"https://wcc.sc.egov.usda.gov/reportGenerator/"
"366","2023-03-01","Willard Bay",NA,"U",215000,90081,102545,137100,"https://wcc.sc.egov.usda.gov/reportGenerator/"
"367","2023-03-01","Woodruff Creek",NA,"",4000,1750,2400,2400,"https://wcc.sc.egov.usda.gov/reportGenerator/"
"368","2023-03-01","Woodruff Narrows Reservoir",NA,"",57300,12770,13467,38400,"https://wcc.sc.egov.usda.gov/reportGenerator/"
"369","2023-04-01","Bear Lake",NA,"",1302000,582371,443540,510600,"https://wcc.sc.egov.usda.gov/reportGenerator/"
"370","2023-04-01","Big Sand Wash Reservoir",NA,"",25700,25579,25779,NA,"https://wcc.sc.egov.usda.gov/reportGenerator/"
"371","2023-04-01","Causey Reservoir",NA,"U",7100,5426,3972,3500,"https://wcc.sc.egov.usda.gov/reportGenerator/"
"372","2023-04-01","Cleveland Lake",NA,"",5400,105,3344,NA,"https://wcc.sc.egov.usda.gov/reportGenerator/"
"373","2023-04-01","Currant Creek Reservoir",NA,"U",15500,15184,14378,14900,"https://wcc.sc.egov.usda.gov/reportGenerator/"
"374","2023-04-01","Deer Creek Reservoir",NA,"U",149700,127014,102072,128400,"https://wcc.sc.egov.usda.gov/reportGenerator/"
"375","2023-04-01","East Canyon Reservoir",NA,"U",49500,31148,28572,37300,"https://wcc.sc.egov.usda.gov/reportGenerator/"
"376","2023-04-01","Echo Reservoir",NA,"U",73900,31441,46432,48700,"https://wcc.sc.egov.usda.gov/reportGenerator/"
"377","2023-04-01","Flaming Gorge Reservoir",NA,"U",3749000,2932211,2465158,3162000,"https://wcc.sc.egov.usda.gov/reportGenerator/"
"378","2023-04-01","Grantsville Reservoir",NA,"",3300,2035,1694,2300,"https://wcc.sc.egov.usda.gov/reportGenerator/"
"379","2023-04-01","Gunlock",NA,"",10400,4500,9125,7500,"https://wcc.sc.egov.usda.gov/reportGenerator/"
"380","2023-04-01","Gunnison Reservoir",NA,"",20300,650,1360,11000,"https://wcc.sc.egov.usda.gov/reportGenerator/"
"381","2023-04-01","Huntington North Reservoir",NA,"U",4200,3548,4028,4100,"https://wcc.sc.egov.usda.gov/reportGenerator/"
"382","2023-04-01","Hyrum Reservoir",NA,"U",15300,14165,9919,13500,"https://wcc.sc.egov.usda.gov/reportGenerator/"
"383","2023-04-01","Joes Valley Reservoir",NA,"U",61600,22905,30353,40400,"https://wcc.sc.egov.usda.gov/reportGenerator/"
"384","2023-04-01","Jordanelle Reservoir",NA,"U",314000,153430,185448,224100,"https://wcc.sc.egov.usda.gov/reportGenerator/"
"385","2023-04-01","Ken's Lake",NA,"",2300,1050,1792,1380,"https://wcc.sc.egov.usda.gov/reportGenerator/"
"386","2023-04-01","Lake Powell",NA,"U",24322000,5812418,5374969,12880000,"https://wcc.sc.egov.usda.gov/reportGenerator/"
"387","2023-04-01","Lost Creek Reservoir",NA,"U",22500,10680,10319,14300,"https://wcc.sc.egov.usda.gov/reportGenerator/"
"388","2023-04-01","Lower Enterprise",NA,"",2600,1416,2394,1300,"https://wcc.sc.egov.usda.gov/reportGenerator/"
"389","2023-04-01","Miller Flat Reservoir",NA,"",5200,1662,1438,NA,"https://wcc.sc.egov.usda.gov/reportGenerator/"
"390","2023-04-01","Millsite",NA,"",16700,3610,9019,10200,"https://wcc.sc.egov.usda.gov/reportGenerator/"
"391","2023-04-01","Minersville Reservoir",NA,"",23300,7818,8676,12300,"https://wcc.sc.egov.usda.gov/reportGenerator/"
"392","2023-04-01","Moon Lake Reservoir",NA,"U",35800,27120,28878,23800,"https://wcc.sc.egov.usda.gov/reportGenerator/"
"393","2023-04-01","Otter Creek Reservoir",NA,"",52500,26495,26078,39500,"https://wcc.sc.egov.usda.gov/reportGenerator/"
"394","2023-04-01","Panguitch Lake",NA,"",22300,10000,10000,11500,"https://wcc.sc.egov.usda.gov/reportGenerator/"
"395","2023-04-01","Pineview Reservoir",NA,"U",110100,38839,38290,61900,"https://wcc.sc.egov.usda.gov/reportGenerator/"
"396","2023-04-01","Piute Reservoir",NA,"",71800,17484,30938,58600,"https://wcc.sc.egov.usda.gov/reportGenerator/"
"397","2023-04-01","Porcupine Reservoir",NA,"",11300,6754,8919,9900,"https://wcc.sc.egov.usda.gov/reportGenerator/"
"398","2023-04-01","Quail Creek",NA,"",40000,27806,29537,31500,"https://wcc.sc.egov.usda.gov/reportGenerator/"
"399","2023-04-01","Red Fleet Reservoir",NA,"U",25700,11520,10726,19600,"https://wcc.sc.egov.usda.gov/reportGenerator/"
"400","2023-04-01","Rockport Reservoir",NA,"U",60900,39784,29058,39400,"https://wcc.sc.egov.usda.gov/reportGenerator/"
"401","2023-04-01","Sand Hollow Reservoir",NA,"",50000,44161,45634,NA,"https://wcc.sc.egov.usda.gov/reportGenerator/"
"402","2023-04-01","Scofield Reservoir",NA,"U",65800,21021,18296,27800,"https://wcc.sc.egov.usda.gov/reportGenerator/"
"403","2023-04-01","Settlement Canyon Reservoir",NA,"",1000,362,322,800,"https://wcc.sc.egov.usda.gov/reportGenerator/"
"404","2023-04-01","Yuba Reservoir",NA,"",236000,82547,58027,139600,"https://wcc.sc.egov.usda.gov/reportGenerator/"
"405","2023-04-01","Smith And Morehouse Reservoir",NA,"U",8100,4935,4133,4600,"https://wcc.sc.egov.usda.gov/reportGenerator/"
"406","2023-04-01","Starvation Reservoir",NA,"U",164118,149223,141732,152700,"https://wcc.sc.egov.usda.gov/reportGenerator/"
"407","2023-04-01","Stateline Reservoir",NA,"U",12000,5966,6729,5700,"https://wcc.sc.egov.usda.gov/reportGenerator/"
"408","2023-04-01","Steinaker Reservoir",NA,"U",33400,11871,18194,23300,"https://wcc.sc.egov.usda.gov/reportGenerator/"
"409","2023-04-01","Strawberry Reservoir",NA,"U",1105900,841536,825967,857300,"https://wcc.sc.egov.usda.gov/reportGenerator/"
"410","2023-04-01","Upper Enterprise Reservoir",NA,"",10000,1687,8890,5200,"https://wcc.sc.egov.usda.gov/reportGenerator/"
"411","2023-04-01","Utah Lake",NA,"U",870900,534367,530094,768500,"https://wcc.sc.egov.usda.gov/reportGenerator/"
"412","2023-04-01","Willard Bay",NA,"U",215000,100579,139085,158500,"https://wcc.sc.egov.usda.gov/reportGenerator/"
"413","2023-04-01","Woodruff Creek",NA,"",4000,2900,2800,3800,"https://wcc.sc.egov.usda.gov/reportGenerator/"
"414","2023-04-01","Woodruff Narrows Reservoir",NA,"",57300,20303,16319,49800,"https://wcc.sc.egov.usda.gov/reportGenerator/"
"415","2023-05-01","Bear Lake",NA,"",1302000,608258,492302,572800,"https://wcc.sc.egov.usda.gov/reportGenerator/"
"416","2023-05-01","Big Sand Wash Reservoir",NA,"",25700,26656,25789,NA,"https://wcc.sc.egov.usda.gov/reportGenerator/"
"417","2023-05-01","Causey Reservoir",NA,"U",7100,6937,3644,5900,"https://wcc.sc.egov.usda.gov/reportGenerator/"
"418","2023-05-01","Cleveland Lake",NA,"",5400,129,3425,NA,"https://wcc.sc.egov.usda.gov/reportGenerator/"
"419","2023-05-01","Currant Creek Reservoir",NA,"U",15500,14800,14872,14900,"https://wcc.sc.egov.usda.gov/reportGenerator/"
"420","2023-05-01","Deer Creek Reservoir",NA,"U",149700,130503,120468,131300,"https://wcc.sc.egov.usda.gov/reportGenerator/"
"421","2023-05-01","East Canyon Reservoir",NA,"U",49500,35199,28538,41100,"https://wcc.sc.egov.usda.gov/reportGenerator/"
"422","2023-05-01","Echo Reservoir",NA,"U",73900,39098,20565,53300,"https://wcc.sc.egov.usda.gov/reportGenerator/"
"423","2023-05-01","Flaming Gorge Reservoir",NA,"U",3749000,2937800,2589437,3114000,"https://wcc.sc.egov.usda.gov/reportGenerator/"
"424","2023-05-01","Grantsville Reservoir",NA,"",3300,2279,2509,2800,"https://wcc.sc.egov.usda.gov/reportGenerator/"
"425","2023-05-01","Gunlock",NA,"",10400,4682,9169,8200,"https://wcc.sc.egov.usda.gov/reportGenerator/"
"426","2023-05-01","Gunnison Reservoir",NA,"",20300,690,5700,11200,"https://wcc.sc.egov.usda.gov/reportGenerator/"
"427","2023-05-01","Huntington North Reservoir",NA,"U",4200,4061,3888,4100,"https://wcc.sc.egov.usda.gov/reportGenerator/"
"428","2023-05-01","Hyrum Reservoir",NA,"U",15300,14616,10916,14700,"https://wcc.sc.egov.usda.gov/reportGenerator/"
"429","2023-05-01","Joes Valley Reservoir",NA,"U",61600,23221,23622,38500,"https://wcc.sc.egov.usda.gov/reportGenerator/"
"430","2023-05-01","Jordanelle Reservoir",NA,"U",314000,161365,186966,236700,"https://wcc.sc.egov.usda.gov/reportGenerator/"
"431","2023-05-01","Ken's Lake",NA,"",2300,1510,2255,1340,"https://wcc.sc.egov.usda.gov/reportGenerator/"
"432","2023-05-01","Lake Powell",NA,"U",24322000,5790596,5544347,12892000,"https://wcc.sc.egov.usda.gov/reportGenerator/"
"433","2023-05-01","Lost Creek Reservoir",NA,"U",22500,12624,9103,16300,"https://wcc.sc.egov.usda.gov/reportGenerator/"
"434","2023-05-01","Lower Enterprise",NA,"",2600,1443,2800,1350,"https://wcc.sc.egov.usda.gov/reportGenerator/"
"435","2023-05-01","Miller Flat Reservoir",NA,"",5200,1781,1535,NA,"https://wcc.sc.egov.usda.gov/reportGenerator/"
"436","2023-05-01","Millsite",NA,"",16700,4809,4983,10900,"https://wcc.sc.egov.usda.gov/reportGenerator/"
"437","2023-05-01","Minersville Reservoir",NA,"",23300,7205,10630,12200,"https://wcc.sc.egov.usda.gov/reportGenerator/"
"438","2023-05-01","Moon Lake Reservoir",NA,"U",35800,26840,31936,24100,"https://wcc.sc.egov.usda.gov/reportGenerator/"
"439","2023-05-01","Otter Creek Reservoir",NA,"",52500,28052,34123,43300,"https://wcc.sc.egov.usda.gov/reportGenerator/"
"440","2023-05-01","Panguitch Lake",NA,"",22300,12500,15000,13000,"https://wcc.sc.egov.usda.gov/reportGenerator/"
"441","2023-05-01","Pineview Reservoir",NA,"U",110100,56653,25999,83600,"https://wcc.sc.egov.usda.gov/reportGenerator/"
"442","2023-05-01","Piute Reservoir",NA,"",71800,16978,46845,54200,"https://wcc.sc.egov.usda.gov/reportGenerator/"
"443","2023-05-01","Porcupine Reservoir",NA,"",11300,10131,9392,11300,"https://wcc.sc.egov.usda.gov/reportGenerator/"
"444","2023-05-01","Quail Creek",NA,"",40000,27585,30808,31600,"https://wcc.sc.egov.usda.gov/reportGenerator/"
"445","2023-05-01","Red Fleet Reservoir",NA,"U",25700,12875,11713,20000,"https://wcc.sc.egov.usda.gov/reportGenerator/"
"446","2023-05-01","Rockport Reservoir",NA,"U",60900,49191,14971,41600,"https://wcc.sc.egov.usda.gov/reportGenerator/"
"447","2023-05-01","Sand Hollow Reservoir",NA,"",50000,45334,47192,NA,"https://wcc.sc.egov.usda.gov/reportGenerator/"
"448","2023-05-01","Scofield Reservoir",NA,"U",65800,25393,10381,26800,"https://wcc.sc.egov.usda.gov/reportGenerator/"
"449","2023-05-01","Settlement Canyon Reservoir",NA,"",1000,385,380,800,"https://wcc.sc.egov.usda.gov/reportGenerator/"
"450","2023-05-01","Yuba Reservoir",NA,"",236000,70813,38938,133200,"https://wcc.sc.egov.usda.gov/reportGenerator/"
"451","2023-05-01","Smith And Morehouse Reservoir",NA,"U",8100,5223,3622,5400,"https://wcc.sc.egov.usda.gov/reportGenerator/"
"452","2023-05-01","Starvation Reservoir",NA,"U",164118,154303,131927,155300,"https://wcc.sc.egov.usda.gov/reportGenerator/"
"453","2023-05-01","Stateline Reservoir",NA,"U",12000,7198,7488,6500,"https://wcc.sc.egov.usda.gov/reportGenerator/"
"454","2023-05-01","Steinaker Reservoir",NA,"U",33400,14097,20751,24400,"https://wcc.sc.egov.usda.gov/reportGenerator/"
"455","2023-05-01","Strawberry Reservoir",NA,"U",1105900,855550,833811,881100,"https://wcc.sc.egov.usda.gov/reportGenerator/"
"456","2023-05-01","Upper Enterprise Reservoir",NA,"",10000,1730,8983,5500,"https://wcc.sc.egov.usda.gov/reportGenerator/"
"457","2023-05-01","Utah Lake",NA,"U",870900,496198,588158,756700,"https://wcc.sc.egov.usda.gov/reportGenerator/"
"458","2023-05-01","Vernon Creek Reservoir",NA,"",600,NA,635,NA,"https://wcc.sc.egov.usda.gov/reportGenerator/"
"459","2023-05-01","Willard Bay",NA,"U",215000,108745,184395,174000,"https://wcc.sc.egov.usda.gov/reportGenerator/"
"460","2023-05-01","Woodruff Creek",NA,"",4000,3980,3155,4000,"https://wcc.sc.egov.usda.gov/reportGenerator/"
"461","2023-05-01","Woodruff Narrows Reservoir",NA,"",57300,26072,44630,55500,"https://wcc.sc.egov.usda.gov/reportGenerator/"
"462","2023-06-01","Bear Lake",NA,"",1302000,606928,703314,635600,"https://wcc.sc.egov.usda.gov/reportGenerator/"
"463","2023-06-01","Big Sand Wash Reservoir",NA,"",25700,20142,25916,NA,"https://wcc.sc.egov.usda.gov/reportGenerator/"
"464","2023-06-01","Causey Reservoir",NA,"U",7100,7077,7176,7100,"https://wcc.sc.egov.usda.gov/reportGenerator/"
"465","2023-06-01","Cleveland Lake",NA,"",5400,2140,4112,NA,"https://wcc.sc.egov.usda.gov/reportGenerator/"
"466","2023-06-01","Currant Creek Reservoir",NA,"U",15500,14405,14998,15000,"https://wcc.sc.egov.usda.gov/reportGenerator/"
"467","2023-06-01","Deer Creek Reservoir",NA,"U",149700,124463,142168,136900,"https://wcc.sc.egov.usda.gov/reportGenerator/"
"468","2023-06-01","East Canyon Reservoir",NA,"U",49500,38502,45669,48700,"https://wcc.sc.egov.usda.gov/reportGenerator/"
"469","2023-06-01","Echo Reservoir",NA,"U",73900,60353,54626,65900,"https://wcc.sc.egov.usda.gov/reportGenerator/"
"470","2023-06-01","Flaming Gorge Reservoir",NA,"U",3749000,2769212,2917393,3144000,"https://wcc.sc.egov.usda.gov/reportGenerator/"
"471","2023-06-01","Grantsville Reservoir",NA,"",3300,2362,3304,3000,"https://wcc.sc.egov.usda.gov/reportGenerator/"
"472","2023-06-01","Gunlock",NA,"",10400,4682,9140,8000,"https://wcc.sc.egov.usda.gov/reportGenerator/"
"473","2023-06-01","Gunnison Reservoir",NA,"",20300,4216,17820,12200,"https://wcc.sc.egov.usda.gov/reportGenerator/"
"474","2023-06-01","Huntington North Reservoir",NA,"U",4200,3395,2380,3700,"https://wcc.sc.egov.usda.gov/reportGenerator/"
"475","2023-06-01","Hyrum Reservoir",NA,"U",15300,14547,10644,14700,"https://wcc.sc.egov.usda.gov/reportGenerator/"
"476","2023-06-01","Joes Valley Reservoir",NA,"U",61600,37742,46408,51200,"https://wcc.sc.egov.usda.gov/reportGenerator/"
"477","2023-06-01","Jordanelle Reservoir",NA,"U",314000,217931,292695,278800,"https://wcc.sc.egov.usda.gov/reportGenerator/"
"478","2023-06-01","Ken's Lake",NA,"",2300,2255,2610,1890,"https://wcc.sc.egov.usda.gov/reportGenerator/"
"479","2023-06-01","Lake Powell",NA,"U",24322000,6346048,7887843,14252000,"https://wcc.sc.egov.usda.gov/reportGenerator/"
"480","2023-06-01","Lost Creek Reservoir",NA,"U",22500,15137,22670,20100,"https://wcc.sc.egov.usda.gov/reportGenerator/"
"481","2023-06-01","Lower Enterprise",NA,"",2600,958,2188,1300,"https://wcc.sc.egov.usda.gov/reportGenerator/"
"482","2023-06-01","Miller Flat Reservoir",NA,"",5200,2654,5435,NA,"https://wcc.sc.egov.usda.gov/reportGenerator/"
"483","2023-06-01","Millsite",NA,"",16700,13659,17206,16400,"https://wcc.sc.egov.usda.gov/reportGenerator/"
"484","2023-06-01","Minersville Reservoir",NA,"",23300,5437,23833,10900,"https://wcc.sc.egov.usda.gov/reportGenerator/"
"485","2023-06-01","Moon Lake Reservoir",NA,"U",35800,30530,35698,27900,"https://wcc.sc.egov.usda.gov/reportGenerator/"
"486","2023-06-01","Otter Creek Reservoir",NA,"",52500,23781,52331,46000,"https://wcc.sc.egov.usda.gov/reportGenerator/"
"487","2023-06-01","Panguitch Lake",NA,"",22300,14000,24000,19000,"https://wcc.sc.egov.usda.gov/reportGenerator/"
"488","2023-06-01","Pineview Reservoir",NA,"U",110100,72171,94900,105300,"https://wcc.sc.egov.usda.gov/reportGenerator/"
"489","2023-06-01","Piute Reservoir",NA,"",71800,5056,66366,49800,"https://wcc.sc.egov.usda.gov/reportGenerator/"
"490","2023-06-01","Porcupine Reservoir",NA,"",11300,13200,13200,11300,"https://wcc.sc.egov.usda.gov/reportGenerator/"
"491","2023-06-01","Quail Creek",NA,"",40000,27989,30792,32400,"https://wcc.sc.egov.usda.gov/reportGenerator/"
"492","2023-06-01","Red Fleet Reservoir",NA,"U",25700,15817,21264,23600,"https://wcc.sc.egov.usda.gov/reportGenerator/"
"493","2023-06-01","Rockport Reservoir",NA,"U",60900,58662,41865,50000,"https://wcc.sc.egov.usda.gov/reportGenerator/"
"494","2023-06-01","Sand Hollow Reservoir",NA,"",50000,41805,49505,NA,"https://wcc.sc.egov.usda.gov/reportGenerator/"
"495","2023-06-01","Scofield Reservoir",NA,"U",65800,31688,57093,45500,"https://wcc.sc.egov.usda.gov/reportGenerator/"
"496","2023-06-01","Settlement Canyon Reservoir",NA,"",1000,400,973,800,"https://wcc.sc.egov.usda.gov/reportGenerator/"
"497","2023-06-01","Yuba Reservoir",NA,"",236000,40536,41662,105800,"https://wcc.sc.egov.usda.gov/reportGenerator/"
"498","2023-06-01","Smith And Morehouse Reservoir",NA,"U",8100,8356,8387,7700,"https://wcc.sc.egov.usda.gov/reportGenerator/"
"499","2023-06-01","Starvation Reservoir",NA,"U",164118,150118,152076,152800,"https://wcc.sc.egov.usda.gov/reportGenerator/"
"500","2023-06-01","Stateline Reservoir",NA,"U",12000,12819,14203,11100,"https://wcc.sc.egov.usda.gov/reportGenerator/"
"501","2023-06-01","Steinaker Reservoir",NA,"U",33400,20886,36123,28200,"https://wcc.sc.egov.usda.gov/reportGenerator/"
"502","2023-06-01","Strawberry Reservoir",NA,"U",1105900,875988,943262,925000,"https://wcc.sc.egov.usda.gov/reportGenerator/"
"503","2023-06-01","Upper Enterprise Reservoir",NA,"",10000,1673,8705,3500,"https://wcc.sc.egov.usda.gov/reportGenerator/"
"504","2023-06-01","Utah Lake",NA,"U",870900,500474,747017,764800,"https://wcc.sc.egov.usda.gov/reportGenerator/"
"505","2023-06-01","Willard Bay",NA,"U",215000,107957,195610,183000,"https://wcc.sc.egov.usda.gov/reportGenerator/"
"506","2023-06-01","Woodruff Creek",NA,"",4000,3000,4040,4000,"https://wcc.sc.egov.usda.gov/reportGenerator/"
"507","2023-06-01","Woodruff Narrows Reservoir",NA,"",57300,38846,63429,49800,"https://wcc.sc.egov.usda.gov/reportGenerator/"
"508","2023-07-01","Bear Lake",NA,"",1302000,584358,846121,640600,"https://wcc.sc.egov.usda.gov/reportGenerator/"
"509","2023-07-01","Big Sand Wash Reservoir",NA,"",25700,15918,25911,NA,"https://wcc.sc.egov.usda.gov/reportGenerator/"
"510","2023-07-01","Causey Reservoir",NA,"U",7100,7064,7052,7000,"https://wcc.sc.egov.usda.gov/reportGenerator/"
"511","2023-07-01","Cleveland Lake",NA,"",5400,3833,5372,NA,"https://wcc.sc.egov.usda.gov/reportGenerator/"
"512","2023-07-01","Currant Creek Reservoir",NA,"U",15500,14639,15071,15000,"https://wcc.sc.egov.usda.gov/reportGenerator/"
"513","2023-07-01","Deer Creek Reservoir",NA,"U",149700,118073,149327,141500,"https://wcc.sc.egov.usda.gov/reportGenerator/"
"514","2023-07-01","East Canyon Reservoir",NA,"U",49500,37261,49899,47100,"https://wcc.sc.egov.usda.gov/reportGenerator/"
"515","2023-07-01","Echo Reservoir",NA,"U",73900,64054,73347,64100,"https://wcc.sc.egov.usda.gov/reportGenerator/"
"516","2023-07-01","Flaming Gorge Reservoir",NA,"U",3749000,2752191,3249266,3253000,"https://wcc.sc.egov.usda.gov/reportGenerator/"
"517","2023-07-01","Grantsville Reservoir",NA,"",3300,2226,3183,2700,"https://wcc.sc.egov.usda.gov/reportGenerator/"
"518","2023-07-01","Gunlock",NA,"",10400,4682,9026,7300,"https://wcc.sc.egov.usda.gov/reportGenerator/"
"519","2023-07-01","Gunnison Reservoir",NA,"",20300,300,20300,11100,"https://wcc.sc.egov.usda.gov/reportGenerator/"
"520","2023-07-01","Huntington North Reservoir",NA,"U",4200,2242,2617,3400,"https://wcc.sc.egov.usda.gov/reportGenerator/"
"521","2023-07-01","Hyrum Reservoir",NA,"U",15300,12902,14621,13400,"https://wcc.sc.egov.usda.gov/reportGenerator/"
"522","2023-07-01","Joes Valley Reservoir",NA,"U",61600,41729,62775,58300,"https://wcc.sc.egov.usda.gov/reportGenerator/"
"523","2023-07-01","Jordanelle Reservoir",NA,"U",314000,239473,309589,291000,"https://wcc.sc.egov.usda.gov/reportGenerator/"
"524","2023-07-01","Ken's Lake",NA,"",2300,2087,2588,2100,"https://wcc.sc.egov.usda.gov/reportGenerator/"
"525","2023-07-01","Lake Powell",NA,"U",24322000,6878423,9574258,15351000,"https://wcc.sc.egov.usda.gov/reportGenerator/"
"526","2023-07-01","Lost Creek Reservoir",NA,"U",22500,14279,22058,19800,"https://wcc.sc.egov.usda.gov/reportGenerator/"
"527","2023-07-01","Lower Enterprise",NA,"",2600,356,1610,1000,"https://wcc.sc.egov.usda.gov/reportGenerator/"
"528","2023-07-01","Miller Flat Reservoir",NA,"",5200,4093,5326,NA,"https://wcc.sc.egov.usda.gov/reportGenerator/"
"529","2023-07-01","Millsite",NA,"",16700,16819,18068,15800,"https://wcc.sc.egov.usda.gov/reportGenerator/"
"530","2023-07-01","Minersville Reservoir",NA,"",23300,3584,23379,9300,"https://wcc.sc.egov.usda.gov/reportGenerator/"
"531","2023-07-01","Moon Lake Reservoir",NA,"U",35800,26570,38130,34300,"https://wcc.sc.egov.usda.gov/reportGenerator/"
"532","2023-07-01","Otter Creek Reservoir",NA,"",52500,14803,50500,36800,"https://wcc.sc.egov.usda.gov/reportGenerator/"
"533","2023-07-01","Panguitch Lake",NA,"",22300,13000,24000,15900,"https://wcc.sc.egov.usda.gov/reportGenerator/"
"534","2023-07-01","Pineview Reservoir",NA,"U",110100,70057,109738,98700,"https://wcc.sc.egov.usda.gov/reportGenerator/"
"535","2023-07-01","Piute Reservoir",NA,"",71800,1083,62535,36800,"https://wcc.sc.egov.usda.gov/reportGenerator/"
"536","2023-07-01","Porcupine Reservoir",NA,"",11300,11988,13200,10800,"https://wcc.sc.egov.usda.gov/reportGenerator/"
"537","2023-07-01","Quail Creek",NA,"",40000,25937,31735,31200,"https://wcc.sc.egov.usda.gov/reportGenerator/"
"538","2023-07-01","Red Fleet Reservoir",NA,"U",25700,15255,25698,24200,"https://wcc.sc.egov.usda.gov/reportGenerator/"
"539","2023-07-01","Rockport Reservoir",NA,"U",60900,58472,61904,59100,"https://wcc.sc.egov.usda.gov/reportGenerator/"
"540","2023-07-01","Sand Hollow Reservoir",NA,"",50000,39514,48776,NA,"https://wcc.sc.egov.usda.gov/reportGenerator/"
"541","2023-07-01","Scofield Reservoir",NA,"U",65800,28787,68842,43300,"https://wcc.sc.egov.usda.gov/reportGenerator/"
"542","2023-07-01","Settlement Canyon Reservoir",NA,"",1000,385,944,750,"https://wcc.sc.egov.usda.gov/reportGenerator/"
"543","2023-07-01","Yuba Reservoir",NA,"",236000,28780,84638,105600,"https://wcc.sc.egov.usda.gov/reportGenerator/"
"544","2023-07-01","Smith And Morehouse Reservoir",NA,"U",8100,8273,8350,7800,"https://wcc.sc.egov.usda.gov/reportGenerator/"
"545","2023-07-01","Starvation Reservoir",NA,"U",164118,135943,164036,155100,"https://wcc.sc.egov.usda.gov/reportGenerator/"
"546","2023-07-01","Stateline Reservoir",NA,"U",12000,13491,14096,13200,"https://wcc.sc.egov.usda.gov/reportGenerator/"
"547","2023-07-01","Steinaker Reservoir",NA,"U",33400,20984,36073,26600,"https://wcc.sc.egov.usda.gov/reportGenerator/"
"548","2023-07-01","Strawberry Reservoir",NA,"U",1105900,862134,994199,928100,"https://wcc.sc.egov.usda.gov/reportGenerator/"
"549","2023-07-01","Upper Enterprise Reservoir",NA,"",10000,1518,8519,2500,"https://wcc.sc.egov.usda.gov/reportGenerator/"
"550","2023-07-01","Utah Lake",NA,"U",870900,458831,839398,756500,"https://wcc.sc.egov.usda.gov/reportGenerator/"
"551","2023-07-01","Willard Bay",NA,"U",215000,98810,220832,172000,"https://wcc.sc.egov.usda.gov/reportGenerator/"
"552","2023-07-01","Woodruff Creek",NA,"",4000,700,2410,3000,"https://wcc.sc.egov.usda.gov/reportGenerator/"
"553","2023-07-01","Woodruff Narrows Reservoir",NA,"",57300,16297,57842,34700,"https://wcc.sc.egov.usda.gov/reportGenerator/"
"554","2023-08-08","Bear Lake",NA,"",1422000,487737,943240,567800,"http://www.bearriverbasin.org/reservoirs"
"555","2023-08-09","Big Sand Wash Reservoir",NA,"",25858,10600,20372,NA,"http://www.duchesneriver.org/reservoirs"
"556","2023-08-09","Causey Reservoir",NA,"U",7100,5694,6527,5500,"https://wcc.sc.egov.usda.gov/reportGenerator/"
"557","2023-08-09","Cleveland Lake",NA,"",5350,3682,5121,NA,"http://www.ewcd.org/reservoirs"
"558","2023-08-08","Currant Creek Reservoir",NA,"U",15500,14800,15153,15000,"https://wcc.sc.egov.usda.gov/reportGenerator/"
"559","2023-08-04","Deer Creek Reservoir",NA,"U",149700,100084,145812,119200,"https://wcc.sc.egov.usda.gov/reportGenerator/"
"560","2023-08-09","East Canyon Reservoir",NA,"U",49500,32635,45402,39900,"https://wcc.sc.egov.usda.gov/reportGenerator/"
"561","2023-08-09","Echo Reservoir",NA,"U",73900,50718,60381,44000,"https://wcc.sc.egov.usda.gov/reportGenerator/"
"562","2023-08-09","Flaming Gorge Reservoir",NA,"U",3749000,2779721,3318988,3293000,"https://wcc.sc.egov.usda.gov/reportGenerator/"
"563","2023-08-01","Grantsville Reservoir",NA,"",3300,1459,2689,1800,"https://wcc.sc.egov.usda.gov/reportGenerator/"
"564","2023-08-09","Gunlock",NA,"",10900,4682,10137,7100,"Gage Down wcwcd verbal"
"565","2023-08-01","Gunnison Reservoir",NA,"",20300,0,15120,6600,"https://wcc.sc.egov.usda.gov/reportGenerator/"
"566","2023-08-09","Huntington North Reservoir",NA,"U",4200,2092,3100,2800,"https://wcc.sc.egov.usda.gov/reportGenerator/"
"567","2023-08-04","Hyrum Reservoir",NA,"U",15300,8580,12164,8700,"https://wcc.sc.egov.usda.gov/reportGenerator/"
"568","2023-08-09","Joes Valley Reservoir",NA,"U",61600,37382,57335,51100,"https://wcc.sc.egov.usda.gov/reportGenerator/"
"569","2023-08-08","Jordanelle Reservoir",NA,"U",314000,224544,283925,271400,"https://wcc.sc.egov.usda.gov/reportGenerator/"
"570","2023-08-01","Ken's Lake",NA,"",2300,1808,2522,1410,"https://wcc.sc.egov.usda.gov/reportGenerator/"
"571","2023-08-09","Lake Powell",NA,"U",24322000,6212161,9189968,15262000,"https://wcc.sc.egov.usda.gov/reportGenerator/"
"572","2023-08-09","Lost Creek Reservoir",NA,"U",22500,12104,19535,17300,"https://wcc.sc.egov.usda.gov/reportGenerator/"
"573","2023-08-01","Lower Enterprise",NA,"",2600,840,802,600,"https://wcc.sc.egov.usda.gov/reportGenerator/"
"574","2023-08-09","Miller Flat Reservoir",NA,"",5443,3346,4772,NA,"http://www.ewcd.org/reservoirs"
"575","2023-08-09","Millsite",NA,"",18061,14384,16807,14200,"http://www.ewcd.org/reservoirs"
"576","2023-08-09","Minersville Reservoir",NA,"",24700,2336,17417,5500,"https://waterrights.utah.gov"
"577","2023-08-09","Moon Lake Reservoir",NA,"U",35800,18040,28474,22800,"https://wcc.sc.egov.usda.gov/reportGenerator/"
"578","2023-08-08","Newton Reservoir",NA,NA,5374,NA,3652,NA,"https://www.usbr.gov"
"579","2023-08-08","Otter Creek Reservoir",NA,"",52700,8671,46530,28300,"http://www.sevierriver.org/reservoirs"
"580","2023-08-01","Panguitch Lake",NA,"",22300,8196,21000,13200,"https://wcc.sc.egov.usda.gov/reportGenerator/"
"581","2023-08-09","Pineview Reservoir",NA,"U",110100,56308,101313,80400,"https://wcc.sc.egov.usda.gov/reportGenerator/"
"582","2023-08-08","Piute Reservoir",NA,"",66785,175,42500,24300,"http://www.sevierriver.org/reservoirs"
"583","2023-08-09","Porcupine Reservoir",NA,"",13000,8685,10456,9000,"https://waterrights.utah.gov"
"584","2023-08-09","Quail Creek",NA,"",40000,24333,29600,29800,"https://www.wcwcd.org/water-section"
"585","2023-08-05","Red Fleet Reservoir",NA,"U",25700,13239,23838,22100,"https://wcc.sc.egov.usda.gov/reportGenerator/"
"586","2023-08-04","Rockport Reservoir",NA,"U",60900,49957,56580,52700,"https://wcc.sc.egov.usda.gov/reportGenerator/"
"587","2023-08-09","Sand Hollow Reservoir",NA,"",51000,36403,47940,NA,"https://www.wcwcd.org/water-section"
"588","2023-08-09","Scofield Reservoir",NA,"U",65800,22612,62260,36100,"https://wcc.sc.egov.usda.gov/reportGenerator/"
"589","2023-08-01","Settlement Canyon Reservoir",NA,"",1000,236,743,500,"https://wcc.sc.egov.usda.gov/reportGenerator/"
"590","2023-08-08","Yuba Reservoir",NA,"",225898,15265,52076,81300,"http://www.sevierriver.org/reservoirs"
"591","2023-08-09","Smith And Morehouse Reservoir",NA,"U",8100,7742,8075,7100,"https://wcc.sc.egov.usda.gov/reportGenerator/"
"592","2023-08-08","Starvation Reservoir",NA,"U",164118,121301,154208,141400,"https://wcc.sc.egov.usda.gov/reportGenerator/"
"593","2023-08-09","Stateline Reservoir",NA,"U",12000,10428,11958,9300,"https://wcc.sc.egov.usda.gov/reportGenerator/"
"594","2023-08-05","Steinaker Reservoir",NA,"U",33400,17858,31717,21600,"https://wcc.sc.egov.usda.gov/reportGenerator/"
"595","2023-08-08","Strawberry Reservoir",NA,"U",1105900,836080,999788,902100,"https://wcc.sc.egov.usda.gov/reportGenerator/"
"596","2023-08-01","Upper Enterprise Reservoir",NA,"",10000,580,8250,2000,"https://wcc.sc.egov.usda.gov/reportGenerator/"
"597","2023-08-08","Utah Lake",NA,"U",870900,387046,796736,700100,"https://wcc.sc.egov.usda.gov/reportGenerator/"
"598","2023-08-01","Willard Bay",NA,"U",215000,83920,209462,156000,"https://wcc.sc.egov.usda.gov/reportGenerator/"
"599","2023-08-01","Woodruff Creek",NA,"",4000,1125,2250,800,"https://wcc.sc.egov.usda.gov/reportGenerator/"
"600","2023-08-09","Woodruff Narrows Reservoir",NA,"",57300,14612,56735,27900,"http://www.bearriverbasin.org/reservoirs"
